﻿<?xml version="1.0"?>
<doc>
<assembly>
<name>
DWSIM.Extensions.ExperimentDesigner
</name>
</assembly>
<members>
<member name="T:DWSIM.Extensions.ExperimentDesigner.My.Resources.Resources">
<summary>
  A strongly-typed resource class, for looking up localized strings, etc.
</summary>
</member>
<member name="P:DWSIM.Extensions.ExperimentDesigner.My.Resources.Resources.ResourceManager">
<summary>
  Returns the cached ResourceManager instance used by this class.
</summary>
</member>
<member name="P:DWSIM.Extensions.ExperimentDesigner.My.Resources.Resources.Culture">
<summary>
  Overrides the current thread's CurrentUICulture property for all
  resource lookups using this strongly typed resource class.
</summary>
</member>
<member name="P:DWSIM.Extensions.ExperimentDesigner.My.Resources.Resources.add_40px">
<summary>
  Looks up a localized resource of type System.Drawing.Bitmap.
</summary>
</member>
<member name="P:DWSIM.Extensions.ExperimentDesigner.My.Resources.Resources.alcohol_burner_48px">
<summary>
  Looks up a localized resource of type System.Drawing.Bitmap.
</summary>
</member>
<member name="P:DWSIM.Extensions.ExperimentDesigner.My.Resources.Resources.icons8_cancel">
<summary>
  Looks up a localized resource of type System.Drawing.Bitmap.
</summary>
</member>
<member name="P:DWSIM.Extensions.ExperimentDesigner.My.Resources.Resources.icons8_check_mark">
<summary>
  Looks up a localized resource of type System.Drawing.Bitmap.
</summary>
</member>
<member name="P:DWSIM.Extensions.ExperimentDesigner.My.Resources.Resources.icons8_delete1">
<summary>
  Looks up a localized resource of type System.Drawing.Bitmap.
</summary>
</member>
<member name="P:DWSIM.Extensions.ExperimentDesigner.My.Resources.Resources.icons8_export">
<summary>
  Looks up a localized resource of type System.Drawing.Bitmap.
</summary>
</member>
<member name="P:DWSIM.Extensions.ExperimentDesigner.My.Resources.Resources.icons8_import">
<summary>
  Looks up a localized resource of type System.Drawing.Bitmap.
</summary>
</member>
<member name="P:DWSIM.Extensions.ExperimentDesigner.My.Resources.Resources.icons8_new_file">
<summary>
  Looks up a localized resource of type System.Drawing.Bitmap.
</summary>
</member>
<member name="P:DWSIM.Extensions.ExperimentDesigner.My.Resources.Resources.icons8_ok">
<summary>
  Looks up a localized resource of type System.Drawing.Bitmap.
</summary>
</member>
<member name="P:DWSIM.Extensions.ExperimentDesigner.My.Resources.Resources.icons8_play">
<summary>
  Looks up a localized resource of type System.Drawing.Bitmap.
</summary>
</member>
<member name="P:DWSIM.Extensions.ExperimentDesigner.My.Resources.Resources.icons8_save">
<summary>
  Looks up a localized resource of type System.Drawing.Bitmap.
</summary>
</member>
<member name="P:DWSIM.Extensions.ExperimentDesigner.My.Resources.Resources.minus_40px">
<summary>
  Looks up a localized resource of type System.Drawing.Bitmap.
</summary>
</member>
</members>
</doc>
